Date,Message
2025-04-02,Today's change: Refresh the sugar syrup.
2025-04-02,Today's change: Refresh the sugar syrup.
2025-04-02,Today's change: Refresh the sugar syrup.
2025-04-02,replace a leaves
2025-04-02,Today's change: Refresh the sugar syrup.
2025-04-02,Today's change: Refresh the sugar syrup.
2025-04-02,replace a leaves
2025-04-02,Today's change: Refresh the sugar syrup.
2025-04-02,Today's change: Refresh the sugar syrup.
2025-04-02,replace a leaves
2025-04-02,Today's change: Refresh the sugar syrup.
